{"json_name": "kaon//pdfs/hists/fits.json", "PASS_me": [196574.0, [2133.724289586742, 0.019830545794543193, 0.04869558743060397, 1029.865637377033, 3512.363873513959, -7695.58988015261]], "PASS_mm": [315633.0, [42655.325214707, 0.17920091159199789, 2.303704928742826, -41154.32265163999, -1267.726113646676, 3125.914008515796]], "PASS_mmpro": [269759.0, [3867.421131286309, 0.9426436897825904, 0.02592753240521272, -92306.69040895918, 191722.0205070659, -96719.30492858875]], "PASS_mm2kp": [255463.0, [2476.2950902988196, 0.23358121484616848, 0.029102590579956213, -956.2675923062019, 23311.873780680537, -41061.25695888407]], "PASS_mm2km": [245315.0, [2704.4049862006123, 0.2379100906658706, 0.03520865699611681, -1205.453614114638, 22703.622070416994, -40063.27582711723]], "PASS_dvz": [262580.0, [3826.1591582847122, -0.5466371401094053, 1.1817366085727936, 2967.386791725623, -239.54943713435063, -115.10613310321503]], "PASS_imkpkm": [264796.0, [1346.2426715469683, 1.0202762454032694, 0.004122999475135121, -858360.1048934342, 1674456.0971159206, -814561.0921360701]]}