{"PASS_mm2km": [225631.0, [2760.467698021929, 0.23761976488388833, 0.03569738976405614, -717.1677265952829, 16817.742111972322, -27396.517341896226]], "PASS_imkpkm": [93722.0, [696.3056761701718, 1.0201302881295964, 0.004058854955433352, -340538.22687557194, 665010.366556347, -323860.5807595527]], "PASS_dvz": [116548.0, [2174.008472645618, -0.5316101605620824, 1.222458673621023, 1175.7727035171008, -88.6930842572711, -41.22736419385185]], "PASS_mmpro": [247797.0, [3940.80272798964, 0.9426448228656396, 0.02654142694623583, -62092.70180794412, 127199.19558274954, -62585.052402802]], "json_name": "kaon/pdfs/ckm_cut/fits.json", "PASS_mm": [290798.0, [38276.140721611184, 0.18193263927439762, 2.2541271268772602, -36879.89400470586, -1160.1887982113483, 2894.765454025217]], "PASS_mm2kp": [235294.0, [2351.2588833429913, 0.23382554107013803, 0.02854763578474433, -1561.4397093888601, 28528.306006046834, -52673.38261171207]], "PASS_me": [186780.0, [2124.5915746566457, 0.01991469604348586, 0.04911521845588818, 967.7152572696036, 3397.2778356522444, -6348.222383744324]]}