{"PASS_mm2km": [225631.0, [2760.467698021929, 0.23761976488388833, 0.03569738976405614, -717.1677265952829, 16817.742111972322, -27396.517341896226]], "PASS_imkpkm": [237620.0, [1267.038170762722, 1.020211226963911, 0.003878786698960685, -764966.415773386, 1492047.9060723477, -725693.7545441597]], "PASS_dvz": [241184.0, [3669.2465346671006, -0.5448790749303417, 1.1894873059661402, 2675.90803901242, -213.45278188997514, -101.78584602121694]], "PASS_mmpro": [247797.0, [3940.80272798964, 0.9426448228656396, 0.02654142694623583, -62092.70180794412, 127199.19558274954, -62585.052402802]], "json_name": "kaon/pdfs/ikk_cuts/fits.json", "PASS_mm": [290797.0, [85163.23586167606, 0.18197474382162065, 2.7994220762616964, -83718.03982229429, -1774.5945962821838, 4581.036717125389]], "PASS_mm2kp": [235293.0, [2350.0262705912537, 0.23382893783667205, 0.02854116340263187, -1569.9434843655386, 28611.45016437505, -52853.56321043456]], "PASS_me": [186781.0, [2125.159807879722, 0.019919545140011905, 0.04912886513756025, 967.0837311270815, 3395.93610048837, -6319.9708759485675]]}