{"json_name": "kaon//pdfs/all_cuts/fits.json", "PASS_me": [43047.0, [1960.451030961425, 0.019208499688876883, 0.048510379731723376, 581.4796124210801, 1891.7134912998288, -12823.3312799588]], "PASS_mm": [43055.0, [5168.062367879296, -0.033132774476110946, 0.01410575817900719, 1372.3456997199532, -12366.641364558796, -166977.21061018255]], "PASS_mmpro": [42763.0, [3613.881587664304, 0.9421438038975765, 0.025712328113937345, -76962.80045728412, 161609.2738270279, -83465.05460024455]], "PASS_mm2kp": [47879.0, [2000.1126040335057, 0.23511098357843568, 0.027907348327419743, -4659.602251797646, 52509.27887565853, -109174.68967855413]], "PASS_mm2km": [44227.0, [2249.652405641819, 0.23821739311780252, 0.03416136584308458, -2628.941392365673, 30325.976112446253, -60734.18614190051]], "PASS_dvz": [36027.0, [994.0615543138052, -0.474520675242311, 1.2102385631789712, 378.0206097709424, -28.14205267534476, -13.289254532559093]], "PASS_imkpkm": [27540.0, [329.0685183882563, 1.0197296616598484, 0.003664843716501181, -142958.96186513756, 280260.1831631809, -137065.19610916823]]}