{"PASS_mm2km": [43363.0, [2473.5012726577993, 0.23848899096925352, 0.036566981614046826, -1212.0753209079207, 16061.193779198216, -31116.44713394961]], "PASS_imkpkm": [27116.0, [327.4095772138708, 1.0197778216975026, 0.0037994205440899627, -141701.81504069688, 277719.09293793264, -135794.68334766963]], "PASS_dvz": [35436.0, [956.0052986127099, -0.48298841842800333, 1.1978854322693762, 392.2865168582186, -28.308255334563174, -15.056414418012327]], "PASS_mmpro": [41943.0, [3532.429188448476, 0.9421099131363571, 0.025579945406235052, -77681.88157609827, 163131.33238807548, -84278.25587574068]], "json_name": "kaon/pdfs/all_cuts/fits.json", "PASS_mm": [42297.0, [17914.725587644854, 3.368448064441925, 4.038773491679741, -12633.055104361405, -2623.3737059377254, 26.77820401631384]], "PASS_mm2kp": [47391.0, [2748.765001752908, 0.2346559062188697, 0.03255558569311727, 1805.0204429346868, -9895.389726045363, 24523.887718580045]], "PASS_me": [42292.0, [1927.4603557440043, 0.019198820544646278, 0.04867645586707418, 564.402953785087, 1850.6254989100908, -12331.158789217752]]}