{"PASS_mm2km": [225631.0, [2760.467698021929, 0.23761976488388833, 0.03569738976405614, -717.1677265952829, 16817.742111972322, -27396.517341896226]], "PASS_imkpkm": [97931.0, [693.8686616660304, 1.02003319717626, 0.004318431678427078, -301581.75344696786, 588474.573667421, -286264.4502075778]], "PASS_dvz": [116102.0, [2267.3364969988997, -0.5027909149049512, 1.2035827936842625, 1186.9476058042178, -88.41816716739986, -42.197231750378336]], "PASS_mmpro": [247797.0, [3940.80272798964, 0.9426448228656396, 0.02654142694623583, -62092.70180794412, 127199.19558274954, -62585.052402802]], "json_name": "kaon/pdfs/cp_cut/fits.json", "PASS_mm": [290798.0, [38276.140721611184, 0.18193263927439762, 2.2541271268772602, -36879.89400470586, -1160.1887982113483, 2894.765454025217]], "PASS_mm2kp": [235294.0, [2351.2588833429913, 0.23382554107013803, 0.02854763578474433, -1561.4397093888601, 28528.306006046834, -52673.38261171207]], "PASS_me": [186781.0, [2125.159807879722, 0.019919545140011905, 0.04912886513756025, 967.0837311270815, 3395.93610048837, -6319.9708759485675]]}