{"PASS_mm2km": [37012.0, [2140.1493845551195, 0.23881005265425198, 0.03562506298054328, -1667.4794078416282, 20201.16033612855, -39959.60997421538]], "PASS_imkpkm": [27766.0, [329.8080770738942, 1.0197920265713531, 0.0037844760848043395, -148786.65851276938, 291673.2587319567, -142657.39240143818]], "PASS_dvz": [36571.0, [969.4238379081726, -0.4794784266230588, 1.1844271435055598, 420.75455865793856, -30.085223926559124, -16.84657599872995]], "PASS_mmpro": [37012.0, [3311.8640972085445, 0.9418669738107018, 0.025056281599865116, -83822.52922830601, 176188.5645648585, -91301.89609784418]], "json_name": "kaon/pdfs/mass_vz_cop_cuts/fits.json", "PASS_mm": [37012.0, [226525.8047651598, 1.0340432420601278, 2.9944747161746434, -213368.47483018294, -24729.538472416072, 9310.940336296655]], "PASS_mm2kp": [37012.0, [1742.209583962232, 0.234806395253938, 0.027782910878996557, -4015.6636346200603, 45097.53930609436, -93155.68496111622]], "PASS_me": [37012.0, [1842.7177195486456, 0.017398390459217556, 0.04718385316363223, 500.45937876350456, 1957.8139300969908, -9782.976048463297]]}