{"PASS_mm2km": [225631.0, [2760.467698021929, 0.23761976488388833, 0.03569738976405614, -717.1677265952829, 16817.742111972322, -27396.517341896226]], "PASS_imkpkm": [126158.0, [746.3735735485169, 1.0201529850189923, 0.004123937443924288, -323785.39376306586, 630768.1249657432, -306331.95945457614]], "PASS_dvz": [154888.0, [2661.8072224450216, -0.5773959736906435, 1.2546349933552643, 1558.8984818280812, -126.62795935335548, -52.77944914784013]], "PASS_mmpro": [247797.0, [3940.80272798964, 0.9426448228656396, 0.02654142694623583, -62092.70180794412, 127199.19558274954, -62585.052402802]], "json_name": "kaon/pdfs/ckp_cut/fits.json", "PASS_mm": [290797.0, [34375.364768377134, 0.17808176218638155, 2.1926479852899936, -32989.58905714404, -1069.8638353104761, 2704.1094526566776]], "PASS_mm2kp": [235294.0, [2351.2588833429913, 0.23382554107013803, 0.02854763578474433, -1561.4397093888601, 28528.306006046834, -52673.38261171207]], "PASS_me": [186781.0, [2125.159807879722, 0.019919545140011905, 0.04912886513756025, 967.0837311270815, 3395.93610048837, -6319.9708759485675]]}