{"PASS_mm2km": [43363.0, [2473.5012726577993, 0.23848899096925352, 0.036566981614046826, -1212.0753209079207, 16061.193779198216, -31116.44713394961]], "PASS_imkpkm": [31636.0, [282.7277541183717, 1.0199870162927607, 0.003568460110508952, -660160.1891597757, 1294588.1308850655, -634287.224649037]], "PASS_dvz": [40140.0, [959.8782528119131, -0.4826370092126717, 1.204693397890519, 396.88548701955847, -28.837284634850363, -15.235079512199126]], "PASS_mmpro": [41943.0, [3532.429188448476, 0.9421099131363571, 0.025579945406235052, -77681.88157609827, 163131.33238807548, -84278.25587574068]], "json_name": "kaon/pdfs/mass_cuts/fits.json", "PASS_mm": [42298.0, [11764.304020535566, 3.0606198972175234, 3.167639640032487, -7357.613126202443, -2266.625488888422, -84.17861606695233]], "PASS_mm2kp": [47391.0, [2748.765001752908, 0.2346559062188697, 0.03255558569311727, 1805.0204429346868, -9895.389726045363, 24523.887718580045]], "PASS_me": [42292.0, [1927.4603557440043, 0.019198820544646278, 0.04867645586707418, 564.402953785087, 1850.6254989100908, -12331.158789217752]]}