{"PASS_mm2km": [225631.0, [2760.467698021929, 0.23761976488388833, 0.03569738976405614, -717.1677265952829, 16817.742111972322, -27396.517341896226]], "PASS_imkpkm": [144153.0, [1168.9491671828202, 1.0200031289414377, 0.0037252936117154376, -616102.3614825159, 1202745.8185208444, -585769.7895583306]], "PASS_dvz": [190064.0, [3669.2465347543566, -0.5448790749269161, 1.189487305989342, 2675.9080389146116, -213.45278188170357, -101.78584601316842]], "PASS_mmpro": [247797.0, [3940.80272798964, 0.9426448228656396, 0.02654142694623583, -62092.70180794412, 127199.19558274954, -62585.052402802]], "json_name": "kaon/pdfs/vz_cut/fits.json", "PASS_mm": [290797.0, [34931.47492902345, 0.1840197548127376, 2.1919190827116615, -33534.11914101654, -1121.6814554707566, 2755.4056342556596]], "PASS_mm2kp": [235294.0, [2351.2588833429913, 0.23382554107013803, 0.02854763578474433, -1561.4397093888601, 28528.306006046834, -52673.38261171207]], "PASS_me": [186781.0, [2125.159807879722, 0.019919545140011905, 0.04912886513756025, 967.0837311270815, 3395.93610048837, -6319.9708759485675]]}